[
  {
    "name": "Count To 5",
    "id": 0,
    "detailText": "Sampler",
    "imageName": "CountTo5.png",
    "imageUrl": "https://drive.google.com/file/d/1vNYgt9_-fBlYP8oz4yLOpUCfNI3-knEm/view?usp=share_link"
  },
  {
    "name": "PURPLL",
    "id": 1,
    "detailText": "Synth",
    "imageName": "PURPLL.png",
    "imageUrl": "https://drive.google.com/file/d/1JdzklaevRBW7TKjNfYqtEt6pNPNZaUNN/view?usp=share_link"
  },
  {
    "name": "Too Positive",
    "id": 2,
    "detailText": "Detail",
    "imageName": "TooPositive.png",
    "imageUrl": "https://drive.google.com/file/d/1KZ68C9pXYAzj2kW1c6Q_xyPKAGBQQsx0/view?usp=share_link"
  },
  {
    "name": "Your and You're",
    "id": 3,
    "detailText": "Delay",
    "imageName": "YourAndYou're.png",
    "imageUrl": "https://drive.google.com/file/d/1StD3CE6_fB9dso87Lm1RovzsbKj6MgKf/view?usp=share_link"
  }
]